market,brand,listings,top20,visibility_share,review_share,avg_rating,avg_offers,median_price_eur,sponsored_listings
AT,Ninja,17,8,22.6,54.6,4.75,10.1,149.0,0
AT,Philips,18,3,20.6,17.5,4.62,5.6,129.99,0
AT,Cosori,10,7,19.6,13.6,4.95,7.5,171.66,0
AT,Tefal,13,1,13.4,6.1,4.73,10.3,99.0,0
AT,Bosch,4,0,3.9,1.9,4.81,6.8,123.44,0
AT,Medion,4,0,3.8,0.3,4.67,4,73.7,0
AT,Braun,3,0,2.8,0.3,4.6,15.7,113.9,0
AT,Xiaomi,2,0,2.1,0.1,4.67,11,54.12,0
AT,Severin,2,0,1.8,0.2,4.75,14,59.38,0
AT,Panasonic,2,0,1.8,0.3,4.12,7.5,102.35,0
AT,Kenwood,1,0,1.2,3.2,4.69,7,74.62,0
AT,Dreame,1,0,1.1,1.4,4.6,9,99.0,0
AT,Russell Hobbs,1,0,0.9,0.5,4.93,11,55.19,0
AT,Gorenje,1,0,0.9,0.0,,13,43.2,0
AT,Nutribullet,1,0,0.9,0.0,,15,91.9,0
AT,Caso,1,0,0.9,0.0,,10,138.64,0
AT,Gourmetmaxx,1,0,0.9,0.0,,1,63.3,0
AT,Smeg,1,0,0.8,0.0,,2,240.16,0
CH,Philips,18,12,28.1,,,8.4,171.15,0
CH,Ninja,10,1,10.8,,,7.6,184.76,0
CH,Cosori,8,2,9.3,,,11,163.02,0
CH,Tefal,9,1,8.5,,,15.1,106.35,0
CH,Medion,2,1,6.6,,,17,90.31,0
CH,Domo,6,0,5.9,,,12,73.05,0
CH,Create,4,0,4.1,,,13.8,108.98,0
CH,Braun,4,0,3.8,,,13.5,103.66,0
CH,Solis,1,1,2.4,,,20,84.86,0
CH,Trisa Electronics,2,0,1.9,,,17.5,100.95,0
CH,Koenig,2,0,1.9,,,8,103.58,0
CH,Xiaomi,2,0,1.8,,,11,97.79,0
CH,Satrap,2,0,1.7,,,2,66.84,0
CH,Dreame,2,0,1.7,,,11,106.35,0
CH,Ariete,2,0,1.7,,,2.5,79.2,0
CH,Bosch,1,0,1.0,,,14,143.84,0
CH,Unold,1,0,1.0,,,9,92.22,0
CH,Ohmex,1,0,1.0,,,4,53.71,0
CH,Berlinger Haus,1,0,0.9,,,6,93.3,0
CH,Caso,1,0,0.9,,,2,95.61,0
CH,Emerio,1,0,0.8,,,1,157.91,0
CH,Furber,1,0,0.8,,,11,51.78,0
CH,Hisense,1,0,0.8,,,11,80.46,0
CH,Panasonic,1,0,0.8,,,9,88.75,0
CH,Haier,1,0,0.8,,,19,52.31,0
CH,Rommelsbacher,1,0,0.8,,,9,57.79,0
CZ,Tefal,17,8,32.8,56.2,4.79,,122.77,2
CZ,Philips,10,4,16.2,6.7,4.79,,237.36,1
CZ,Cosori,6,1,8.0,6.5,4.68,,224.75,0
CZ,Tesla,6,1,7.1,5.3,4.53,,110.0,0
CZ,Siguro,4,2,5.3,9.1,4.75,,79.79,0
CZ,ETA,3,2,5.0,2.4,4.9,,57.27,0
CZ,Rohnson,3,0,3.8,2.5,4.77,,75.0,0
CZ,Ninja,3,0,3.6,0.2,4.95,,227.37,0
CZ,Home,2,1,3.0,4.8,4.65,,40.9,0
CZ,Philco,2,0,2.4,3.0,4.8,,81.47,0
CZ,Concept,2,0,2.3,0.4,4.85,,171.9,0
CZ,Sencor,2,0,2.3,2.0,4.5,,92.07,0
CZ,Xiaomi,2,0,2.1,0.1,5.0,,151.43,0
CZ,Hyundai,1,1,1.6,0.1,4.5,,32.71,0
CZ,Lauben,1,0,1.1,0.4,4.9,,163.67,0
CZ,Bosch,1,0,1.1,0.0,,,232.94,0
CZ,Sogo,1,0,1.1,0.0,,,32.3,0
CZ,Electrolux,1,0,1.1,0.1,5.0,,245.59,0
DE,Ninja,22,11,28.6,36.8,4.68,18.2,132.25,0
DE,Philips,17,8,17.1,29.1,4.51,10,129.0,0
DE,Cosori,16,6,16.9,7.3,4.93,9.7,149.48,0
DE,Tefal,12,5,12.5,20.2,4.75,20.4,102.45,0
DE,Bosch,6,2,8.2,1.8,4.67,13,97.45,0
DE,Severin,5,0,3.7,0.0,,24.4,73.17,0
DE,Seeger,1,1,2.7,0.0,,,99.0,0
DE,Panasonic,2,0,1.5,0.1,4.62,10,103.44,0
DE,Arendo,1,1,1.4,0.6,,,119.95,0
DE,Hanseatic,1,1,1.3,3.5,,,129.9,0
DE,Gourmetmaxx,1,0,0.9,0.0,,5,19.95,0
DE,Dreame,1,0,0.8,0.5,4.6,22,92.99,0
DE,Klarstein,1,0,0.8,0.0,,1,177.96,0
DE,Braun,1,0,0.7,0.0,,20,84.99,0
DE,Xiaomi,1,0,0.7,0.0,,14,46.96,0
DE,Princess,1,0,0.7,0.0,,5,76.9,0
DE,Russell Hobbs,1,0,0.7,0.2,4.93,19,54.9,0
DE,Rommelsbacher,1,0,0.7,0.1,5.0,31,70.12,0
HU,Tefal,16,3,18.5,,,15.7,97.75,0
HU,Philips,16,1,17.8,,,13.6,112.28,0
HU,Cosori,10,5,16.4,,,8.2,190.84,1
HU,Xiaomi,7,5,12.9,,,23.1,79.59,0
HU,Ninja,9,1,10.2,,,5,179.93,0
HU,Gorenje,4,1,9.3,,,9.2,69.87,1
HU,Hauser,2,1,3.0,,,7,61.34,0
HU,Klarstein,1,1,2.6,,,2,114.22,1
HU,Tesla,1,1,1.6,,,5,32.69,0
HU,Delonghi,1,0,1.3,,,28,128.34,0
HU,Berlinger Haus,1,0,1.2,,,6,81.8,0
HU,Nutricook,1,0,1.1,,,3,436.24,0
HU,Hausmeister,1,0,1.1,,,20,44.88,0
HU,Nutribullet,1,0,1.0,,,13,73.59,0
HU,Esperanza,1,0,1.0,,,13,26.37,0
HU,Bosch,1,0,1.0,,,30,97.78,0
PL,Ninja,7,2,29.5,10.7,4.85,15,171.13,0
PL,Philips,8,7,26.6,52.8,4.87,18.1,134.62,1
PL,Tefal,7,6,20.7,6.3,4.83,8.6,107.7,3
PL,Bosch,2,1,4.8,0.1,,9.5,94.69,0
PL,Braun,1,1,4.7,1.0,4.9,11,121.16,0
PL,Maltec,1,1,2.5,0.0,,4,68.23,0
PL,Berdsen,1,0,2.4,0.0,,9,68.41,0
PL,Cosori,1,0,2.3,3.2,4.9,21,156.32,0
PL,Tristar,1,0,2.2,0.0,,2,121.39,0
PL,Xiaomi,1,0,2.2,25.8,4.9,28,79.63,0
PL,Hoffen,1,0,2.2,0.0,,1,33.31,0
